,City,Latitude,Longitude,Max Temperature,Humidity,Cloudiness,Wind Speed (mph),Country,Date
0,Qinhuangdao,39.9317,119.5883,69.96,25,4,15.12,CN,1620357497
1,Bredasdorp,-34.5322,20.0403,60.8,88,83,11.5,ZA,1620357418
2,Nikolskoye,59.7035,30.7861,42.8,87,90,4.47,RU,1620357385
3,Mataura,-46.1927,168.8643,57.99,79,73,0.13,NZ,1620357406
4,Punta Arenas,-53.15,-70.9167,42.8,87,75,9.22,CL,1620357269
5,Albany,42.6001,-73.9662,50.0,66,100,5.14,US,1620357398
6,Geraldton,-28.7667,114.6,71.6,64,4,17.27,AU,1620357453
7,Ushuaia,-54.8,-68.3,41.0,75,40,5.57,AR,1620357369
8,Cherskiy,68.75,161.3,30.94,89,100,3.36,RU,1620357429
9,Manono,-7.3,27.4167,67.35,89,79,2.64,CD,1620357498
10,Mossamedes,-15.1961,12.1522,74.35,86,43,5.06,AO,1620357499
11,Mar del Plata,-38.0023,-57.5575,54.0,87,20,3.44,AR,1620357366
12,Barra do Garças,-15.89,-52.2567,63.91,68,8,5.41,BR,1620357421
13,Acurenam,1.0322,10.6488,68.13,99,100,2.06,GQ,1620357489
14,Kaitangata,-46.2817,169.8464,61.0,62,68,4.0,NZ,1620357379
15,Bambous Virieux,-20.3428,57.7575,73.0,100,75,3.44,MU,1620357422
16,Manokwari,-0.8667,134.0833,84.22,71,87,5.61,ID,1620357274
17,Tupik,54.4253,119.9327,43.86,61,78,11.99,RU,1620357500
18,Carnarvon,-24.8667,113.6333,75.2,60,1,13.8,AU,1620357298
19,Sakaiminato,35.55,133.2333,73.4,46,75,18.41,JP,1620357500
20,Mayo,38.8876,-76.5119,54.0,76,1,4.97,US,1620357500
21,Cidreira,-30.1811,-50.2056,58.28,73,36,10.69,BR,1620357410
22,Hobart,-42.8794,147.3294,71.01,52,75,17.27,AU,1620357080
23,Gimli,50.6336,-96.9907,41.0,56,10,10.36,CA,1620357462
24,Kavieng,-2.5744,150.7967,84.13,73,21,5.88,PG,1620357501
25,Vila Velha,-20.3297,-40.2925,73.4,88,0,2.3,BR,1620357490
26,Saldanha,-33.0117,17.9442,59.0,88,76,5.75,ZA,1620357502
27,Narsaq,60.9167,-46.05,35.6,75,75,4.61,GL,1620357487
28,Caruray,10.3094,119.0128,91.4,66,20,11.5,PH,1620357502
29,Tuktoyaktuk,69.4541,-133.0374,28.4,86,90,14.97,CA,1620357440
30,New Norfolk,-42.7826,147.0587,71.01,73,97,1.01,AU,1620357393
31,Kapaa,22.0752,-159.319,75.99,83,75,10.36,US,1620357372
32,Mahébourg,-20.4081,57.7,69.8,100,75,3.44,MU,1620357385
33,Shahreza,32.0339,51.8794,64.08,30,17,2.71,IR,1620357503
34,Tamworth,52.634,-1.6959,39.0,85,50,5.01,GB,1620357503
35,Lucea,18.451,-78.1736,78.8,78,20,4.61,JM,1620357503
36,Harper,4.375,-7.7169,78.22,84,100,5.32,LR,1620357504
37,Golfito,8.639,-83.166,75.27,93,100,1.03,CR,1620357368
38,Ambanja,-13.6833,48.45,72.77,93,10,3.27,MG,1620357504
39,Aksu,41.1231,80.2644,75.27,11,100,0.56,CN,1620357367
40,Chui,-33.6971,-53.4616,52.83,76,90,8.72,UY,1620357504
41,Barrow,71.2906,-156.7887,14.0,79,1,5.75,US,1620357370
42,Atasū,48.6814,71.6433,63.82,42,100,8.19,KZ,1620357372
43,Świnoujście,53.9105,14.2471,36.0,87,97,7.54,PL,1620357370
44,Porto Velho,-8.7619,-63.9039,77.0,83,40,8.05,BR,1620357505
45,Arraial do Cabo,-22.9661,-42.0278,73.31,82,0,6.53,BR,1620357409
46,Avarua,-21.2078,-159.775,71.6,73,75,17.27,CK,1620357368
47,Pevek,69.7008,170.3133,30.18,81,8,3.29,RU,1620357446
48,Rome,43.2128,-75.4557,39.99,70,1,1.3,US,1620357506
49,Kumul,42.8,93.45,81.27,5,8,4.18,CN,1620357506
50,Thompson,55.7435,-97.8558,32.0,69,20,3.44,CA,1620357305
51,Vao,-22.6667,167.4833,76.44,75,79,10.45,NC,1620357506
52,Busselton,-33.65,115.3333,63.0,85,81,1.01,AU,1620357371
53,Madimba,-10.4,40.3333,71.22,71,100,14.61,TZ,1620357507
54,Hermanus,-34.4187,19.2345,59.0,97,100,4.0,ZA,1620357191
55,Airai,-8.9266,125.4092,67.91,77,98,2.64,TL,1620357438
56,Port Alfred,-33.5906,26.891,67.32,84,76,14.36,ZA,1620357386
57,Bemidji,47.4736,-94.8803,41.0,42,1,5.75,US,1620357261
58,Najrān,17.4924,44.1277,77.0,23,75,4.61,SA,1620357507
59,Cape Town,-33.9258,18.4232,60.01,94,75,14.97,ZA,1620357383
60,Sitka,57.0531,-135.33,51.8,76,90,6.91,US,1620357450
61,Jalu,29.0331,21.5482,85.28,11,23,10.04,LY,1620357417
62,Hofn,64.2539,-15.2082,33.33,59,25,11.79,IS,1620357508
63,Bluff,-46.6,168.3333,57.99,79,90,0.96,NZ,1620357366
64,Atagay,55.1033,99.3875,42.85,73,100,9.78,RU,1620357509
65,Swan River,52.1058,-101.2676,35.6,51,10,1.14,CA,1620357509
66,Abhā,18.2164,42.5053,60.8,44,0,2.66,SA,1620357393
67,Khorixas,-20.3667,14.9667,67.05,56,19,5.3,NA,1620357510
68,Butaritari,3.0707,172.7902,84.31,75,100,15.03,KI,1620357381
69,Weyburn,49.6668,-103.8511,42.8,26,0,9.22,CA,1620357510
70,Hilo,19.7297,-155.09,78.8,65,40,9.22,US,1620357386
71,Saskylakh,71.9167,114.0833,24.6,89,92,4.52,RU,1620357405
72,Mabaruma,8.2,-59.7833,72.64,97,87,2.82,GY,1620357510
73,Soyo,-6.1349,12.3689,76.57,83,100,3.89,AO,1620357511
74,Pilar,-9.5972,-35.9567,73.4,94,75,2.3,BR,1620357438
75,Pak Phanang,8.3511,100.202,88.0,94,40,2.3,TH,1620357306
76,Bethel,41.3712,-73.414,52.0,66,1,4.61,US,1620357176
77,Lazurne,46.084,32.5295,48.0,100,38,6.15,UA,1620357511
78,Alofi,-19.0595,-169.9187,80.6,83,75,12.66,NU,1620357370
79,Simpang,-1.2667,104.0833,85.55,69,100,2.95,ID,1620357512
80,Mangochi,-14.4782,35.2645,58.35,91,77,5.57,MW,1620357512
81,George Town,5.4112,100.3354,87.8,74,20,4.61,MY,1620357359
82,General Pico,-35.6566,-63.7568,47.98,69,0,7.52,AR,1620357468
83,Talnakh,69.4865,88.3972,34.56,99,100,6.24,RU,1620357512
84,Yumen,40.2833,97.2,76.78,4,69,14.14,CN,1620357513
85,Khatanga,71.9667,102.5,35.8,77,100,16.22,RU,1620357373
86,Panguna,-6.3164,155.4848,80.87,70,78,3.36,PG,1620357513
87,Tucuruí,-3.7661,-49.6725,73.2,93,84,3.24,BR,1620357513
88,Amambai,-23.1042,-55.2258,53.13,95,100,8.97,BR,1620357514
89,Longyearbyen,78.2186,15.6401,15.8,67,20,14.97,SJ,1620357429
90,Praia da Vitória,38.7333,-27.0667,64.4,88,40,19.24,PT,1620357514
91,São João da Barra,-21.6403,-41.0511,73.51,83,0,6.98,BR,1620357515
92,Antsohihy,-14.8796,47.9875,71.56,95,7,2.15,MG,1620357515
93,City of San Pedro,14.35,121.0167,89.6,66,75,8.05,PH,1620357515
94,Xichang,27.8964,102.2634,61.27,81,100,7.11,CN,1620357515
95,Poltavka,54.3663,71.7632,52.5,39,0,14.36,RU,1620357516
96,Torbay,47.6666,-52.7314,36.0,100,90,8.05,CA,1620357455
97,Rikitea,-23.1203,-134.9692,78.17,77,100,12.48,PF,1620357379
98,Yagodnoye,62.55,149.6667,33.67,75,99,2.48,RU,1620357516
99,Natal,-5.795,-35.2094,78.8,89,75,4.61,BR,1620357517
100,Jamestown,42.097,-79.2353,42.01,60,75,4.61,US,1620357380
101,Mansôa,12.0733,-15.3189,73.27,66,90,3.49,GW,1620357517
102,Lipari,38.4674,14.954,62.01,69,100,1.99,IT,1620357517
103,Qaanaaq,77.484,-69.3632,19.09,80,19,5.7,GL,1620357435
104,Zvishavane,-20.3267,30.0665,53.53,72,8,1.92,ZW,1620357518
105,Saint-Augustin,51.226,-58.6502,39.51,85,100,16.4,CA,1620357411
106,Yar-Sale,66.8333,70.8333,31.44,97,100,18.68,RU,1620357518
107,Cândido Mendes,-1.4467,-45.7167,73.67,94,29,2.35,BR,1620357518
108,Halifax,44.6453,-63.5724,43.0,75,100,8.05,CA,1620357480
109,Marquette,46.5333,-87.6335,37.99,84,37,4.16,US,1620357430
110,Tasiilaq,65.6145,-37.6368,28.4,86,90,3.44,GL,1620357391
111,Tateyama,34.9833,139.8667,68.0,82,75,10.36,JP,1620357519
112,Camacha,33.0833,-16.3333,60.8,72,20,5.75,PT,1620357483
113,Lebu,-37.6167,-73.65,52.5,84,38,6.98,CL,1620357412
114,Port Elizabeth,-33.918,25.5701,59.0,88,0,8.05,ZA,1620357411
115,Grindavik,63.8424,-22.4338,32.0,74,20,10.36,IS,1620357520
116,Eyrarbakki,63.863,-21.1481,30.2,64,0,3.44,IS,1620357520
117,Castro,-24.7911,-50.0119,53.67,95,100,4.41,BR,1620357404
118,Saint Paul Harbor,57.79,-152.4072,51.8,37,1,10.36,US,1620357374
119,Troitskoye,52.9821,84.6757,62.49,65,100,8.3,RU,1620357520
120,Kaputa,-8.4689,29.6619,66.27,85,75,5.3,ZM,1620357521
121,Tiksi,71.6872,128.8694,29.88,90,100,14.47,RU,1620357395
122,Bukama,-9.2,25.85,67.55,91,60,2.24,CD,1620357521
123,Hirado,33.3597,129.5531,66.2,68,75,6.91,JP,1620357521
124,Iqaluit,63.7506,-68.5145,30.2,93,90,10.36,CA,1620357453
125,Provideniya,64.3833,-173.3,33.8,64,0,13.42,RU,1620357489
126,Kiruna,67.8557,20.2251,24.8,100,90,6.91,SE,1620357522
127,Innisfail,-17.5333,146.0333,76.06,64,2,6.51,AU,1620357522
128,Tobermory,45.2501,-81.6665,41.0,81,91,8.05,CA,1620357522
129,Naryan-Mar,67.6713,53.087,27.39,86,11,6.44,RU,1620357523
130,Durban,-29.8579,31.0292,66.0,94,100,2.3,ZA,1620357293
131,Ancud,-41.8697,-73.8203,42.01,100,20,5.75,CL,1620357264
132,Esperance,-33.8667,121.9,68.0,68,40,9.22,AU,1620357475
133,Puerto Ayora,-0.7393,-90.3518,73.0,90,3,6.35,EC,1620357408
134,Vidim,56.4088,103.1106,39.31,77,98,6.78,RU,1620357524
135,Álamos,27.0167,-108.9333,80.01,38,0,2.8,MX,1620357524
136,Phalaborwa,-23.943,31.1411,64.4,88,0,3.44,ZA,1620357524
137,Mogadishu,2.0371,45.3438,79.11,84,100,12.86,SO,1620357126
138,Norman Wells,65.282,-126.8329,55.4,38,40,10.36,CA,1620357391
139,Staritsa,56.5075,34.9354,37.54,92,51,9.31,RU,1620357525
140,Srednekolymsk,67.45,153.6833,32.2,84,36,9.64,RU,1620357447
141,Riyadh,24.6877,46.7219,78.8,15,0,8.57,SA,1620357360
142,Nivala,63.9167,24.9667,30.99,78,100,3.0,FI,1620357525
143,Mugur-Aksy,50.35,90.5,57.31,32,78,4.5,RU,1620357525
144,Zabid,14.1951,43.3152,84.42,68,96,7.05,YE,1620357526
145,Northampton,40.8754,-75.2499,50.0,78,100,4.54,US,1620357395
146,Ponta do Sol,32.6667,-17.1,57.99,60,71,5.01,PT,1620357371
147,Qasigiannguit,68.8193,-51.1922,32.0,74,90,5.75,GL,1620357526
148,Vaini,-21.2,-175.2,77.0,83,75,14.97,TO,1620357367
149,Alice Springs,-23.7,133.8833,82.4,9,93,5.75,AU,1620357526
150,Jiangyou,31.7667,104.7167,73.45,65,100,7.2,CN,1620357527
151,Yellowknife,62.456,-114.3525,51.8,35,20,8.05,CA,1620357253
152,Atuona,-9.8,-139.0333,80.46,69,23,20.11,PF,1620357387
153,Sholokhove,47.6945,34.0312,47.39,90,65,5.53,UA,1620357527
154,Katsuura,35.1333,140.3,66.2,82,75,2.3,JP,1620357423
155,Udachny,66.4167,112.4,35.76,66,94,2.3,RU,1620357528
156,Bantogon,6.5333,124.0333,86.32,65,94,5.86,PH,1620357528
157,Newport,51.5877,-2.9984,35.01,86,1,7.11,GB,1620357528
158,Decatur,39.8403,-88.9548,48.99,87,90,3.44,US,1620357529
159,Kahului,20.8947,-156.47,80.6,57,40,10.36,US,1620357256
160,Constitución,-35.3333,-72.4167,56.03,72,89,6.51,CL,1620357529
161,San Felipe,10.3399,-68.7425,71.24,97,100,2.91,VE,1620357529
162,Lorengau,-2.0226,147.2712,84.29,75,95,6.53,PG,1620357441
163,Ostrovnoy,68.0531,39.5131,29.25,89,100,24.87,RU,1620357384
164,Bengkulu,-3.8004,102.2655,82.58,68,99,2.35,ID,1620357445
165,Saint-François,46.4154,3.9054,50.0,87,75,5.75,FR,1620357530
166,Hambantota,6.1241,81.1185,82.4,94,20,3.44,LK,1620357437
167,Reconquista,-29.15,-59.65,46.78,72,0,5.32,AR,1620357530
168,Dickinson,29.4608,-95.0513,73.99,68,1,4.79,US,1620357410
169,Haines Junction,60.7522,-137.5108,50.0,50,100,4.61,CA,1620357457
170,Saint-Philippe,-21.3585,55.7679,72.0,78,20,5.75,RE,1620357414
171,Beloha,-25.1667,45.05,64.71,84,52,6.17,MG,1620357531
172,Quatre Cocos,-20.2078,57.7625,73.0,100,75,3.44,MU,1620357531
173,Coyhaique,-45.5752,-72.0662,30.2,93,29,1.14,CL,1620357378
174,Bundaberg,-24.85,152.35,78.8,36,6,8.05,AU,1620357532
175,Gualeguay,-33.1416,-59.3097,45.25,68,0,1.57,AR,1620357532
176,Bosaso,11.2842,49.1816,85.64,65,37,6.11,SO,1620357532
177,Hachinohe,40.5,141.5,64.99,39,100,4.0,JP,1620357532
178,Vila,42.0304,-8.1588,53.01,89,18,2.91,PT,1620357533
179,Ouadda,8.0777,22.4007,69.19,93,100,3.13,CF,1620357533
180,Saint George,37.1041,-113.5841,86.0,10,1,5.75,US,1620357305
181,Leningradskiy,69.3833,178.4167,23.79,85,17,8.77,RU,1620357391
182,Davila,18.4726,120.5763,89.6,70,75,9.22,PH,1620357534
183,Dumas,35.8656,-101.9732,66.99,42,1,11.5,US,1620357534
184,Zhigansk,66.7697,123.3711,38.68,62,98,9.15,RU,1620357378
185,Lompoc,34.6391,-120.4579,53.6,82,6,10.36,US,1620357389
186,Taoudenni,22.6783,-3.9836,83.55,19,1,8.68,ML,1620357429
187,Hasaki,35.7333,140.8333,66.0,88,75,6.91,JP,1620357424
188,Portland,45.5234,-122.6762,55.0,66,39,1.99,US,1620357186
189,Prince George,53.9166,-122.753,63.0,41,90,16.11,CA,1620357305
190,Ayan,56.45,138.1667,33.19,80,100,22.97,RU,1620357535
191,Malé,4.1748,73.5089,84.2,84,75,5.75,MV,1620357487
192,Xining,36.6167,101.7667,57.54,19,0,3.24,CN,1620357397
193,Vyazemskiy,47.5378,134.7525,66.76,46,68,6.82,RU,1620357535
194,Ahipara,-35.1667,173.1667,66.81,64,100,12.41,NZ,1620357535
195,Hualmay,-11.0964,-77.6139,66.06,84,35,7.07,PE,1620357428
196,Avera,33.194,-82.5271,60.8,67,1,3.44,US,1620357442
197,Kearney,40.6995,-99.0815,57.2,50,75,9.22,US,1620357373
198,Buala,-8.145,159.5921,85.96,69,42,10.54,SB,1620357536
199,Makakilo City,21.3469,-158.0858,78.8,65,1,5.75,US,1620357536
200,Faanui,-16.4833,-151.75,82.63,68,13,12.39,PF,1620357384
201,Sand,50.0,10.6,43.0,94,100,1.01,DE,1620357538
202,Hithadhoo,-0.6,73.0833,83.89,72,40,3.78,MV,1620357393
203,Vila Franca do Campo,37.7167,-25.4333,62.6,100,75,6.91,PT,1620357460
204,Calatrava,10.595,123.4838,87.8,66,75,5.75,PH,1620357538
205,Ribeira Grande,38.5167,-28.7,63.37,90,67,22.82,PT,1620357403
206,Biltine,14.5333,20.9167,87.85,15,94,6.24,TD,1620357539
207,Eufaula,31.8913,-85.1455,62.01,72,0,6.98,US,1620357539
208,Nishihara,26.1842,127.7558,82.4,78,75,20.71,JP,1620357539
209,Dingle,10.9995,122.6711,91.0,50,27,14.7,PH,1620357401
210,Deputatsky,69.3,139.9,27.46,90,100,4.74,RU,1620357397
211,Severo-Kuril'sk,50.6789,156.125,37.8,91,93,11.03,RU,1620357366
212,Qaqortoq,60.7167,-46.0333,35.6,75,75,4.61,GL,1620357423
213,San Jose,37.3394,-121.895,63.0,67,20,14.97,US,1620357245
214,Kibakwe,-6.7167,36.3667,60.01,95,96,2.28,TZ,1620357540
215,Darhan,49.4867,105.9228,50.22,54,76,11.95,MN,1620357540
216,Tilichiki,60.4667,166.1,30.27,97,73,4.34,RU,1620357541
217,Along,28.1667,94.7667,77.85,71,55,0.69,IN,1620357541
218,Snåase,64.2457,12.3778,27.75,77,16,2.75,NO,1620357541
219,Zykovo,55.9519,93.1461,53.6,58,0,13.42,RU,1620357541
220,Sinnamary,5.3833,-52.95,77.9,86,100,7.92,GF,1620357542
221,Sola,-13.8833,167.55,86.0,84,52,4.61,VU,1620357542
222,Arrondissement de Narbonne,43.0833,2.8333,62.01,61,100,8.01,FR,1620357542
223,Lagoa,39.05,-27.9833,63.03,86,43,27.85,PT,1620357428
224,Jiexiu,37.0244,111.9125,65.12,15,1,10.56,CN,1620357543
225,Houma,29.5958,-90.7195,68.0,88,1,7.45,US,1620357339
226,Erenhot,43.6475,111.9767,60.03,13,41,24.38,CN,1620357543
227,Sibu,2.3,111.8167,80.6,83,40,4.61,MY,1620357544
228,Ishigaki,24.3448,124.1572,84.2,79,75,14.97,JP,1620357544
229,Caravelas,-17.7125,-39.2481,73.92,87,100,5.35,BR,1620357424
230,Aripuanã,-9.1667,-60.6333,73.56,82,79,2.82,BR,1620357544
231,Basqal,40.7552,48.391,45.32,82,100,2.15,AZ,1620357545
232,Chojnice,53.6955,17.557,37.99,75,100,2.08,PL,1620357443
233,Nizhnevartovsk,60.9344,76.5531,39.2,87,40,8.95,RU,1620357336
234,Slave Lake,55.2834,-114.769,62.6,27,20,18.41,CA,1620357304
235,Dikson,73.5069,80.5464,27.0,91,99,16.6,RU,1620357365
236,Salay,8.8592,124.7892,93.0,58,100,10.47,PH,1620357545
237,East London,-33.0153,27.9116,64.4,94,0,9.22,ZA,1620357388
238,Brandfort,-28.7001,26.4597,53.6,82,90,1.14,ZA,1620357546
239,Tura,25.5198,90.2201,81.55,60,92,2.62,IN,1620357392
240,Mandurah,-32.55,115.7,66.0,80,15,1.99,AU,1620357320
241,Bestöbe,52.4994,73.0975,56.32,38,88,10.98,KZ,1620357546
242,Cabo San Lucas,22.8909,-109.9124,77.0,60,1,11.5,MX,1620357437
243,Takoradze,4.8845,-1.7554,78.78,85,93,8.7,GH,1620357547
244,Los Andes,-32.8337,-70.5983,66.99,50,0,4.61,CL,1620357547
245,Beringovskiy,63.05,179.3167,29.59,80,81,6.73,RU,1620357547
246,Shihezi,44.3,86.0333,82.89,14,33,2.64,CN,1620357548
247,Mattru,7.6244,-11.8332,76.44,93,100,1.39,SL,1620357548
248,Husavik,66.0449,-17.3389,30.2,93,90,5.75,IS,1620357460
249,Pisco,-13.7,-76.2167,66.2,88,90,2.3,PE,1620357488
250,Saint-Pierre,-21.3393,55.4781,72.0,78,20,5.75,RE,1620357549
251,Beasain,43.0502,-2.2009,60.01,80,100,0.45,ES,1620357549
252,Yulara,-25.2406,130.9889,78.8,25,100,8.05,AU,1620357488
253,Meulaboh,4.1363,96.1285,83.77,72,69,2.06,ID,1620357389
254,Oranjemund,-28.55,16.4333,54.09,96,14,2.84,NA,1620357550
255,Beberibe,-4.1797,-38.1306,82.0,94,75,4.61,BR,1620357550
256,Mahon,39.8885,4.2658,59.0,94,75,9.22,ES,1620357370
257,Lüderitz,-26.6481,15.1594,57.67,79,0,12.57,NA,1620357382
258,West Bay,19.3667,-81.4167,82.0,89,20,3.44,KY,1620357550
259,Wyndham,37.6985,-77.6125,52.0,81,1,5.14,US,1620357551
260,Sigli,5.3848,95.9609,84.33,69,93,2.08,ID,1620357551
261,Kasongo-Lunda,-6.4667,16.8167,66.67,98,100,1.97,CD,1620357551
262,Skellefteå,64.7507,20.9528,33.01,74,90,6.91,SE,1620357552
263,Coahuayana Viejo,18.7333,-103.6833,73.67,79,20,0.47,MX,1620357456
264,Bocas del Toro,9.3333,-82.25,63.0,100,71,4.59,PA,1620357552
265,Upernavik,72.7868,-56.1549,17.96,98,40,6.85,GL,1620357477
266,Kismayo,-0.3582,42.5454,77.7,90,93,10.96,SO,1620357552
267,Cururupu,-1.8283,-44.8683,73.04,94,55,0.98,BR,1620357553
268,Assiut,27.181,31.1837,78.8,36,0,6.91,EG,1620357553
269,Aleksandro-Nevskiy,53.4751,40.2095,46.0,81,100,7.78,RU,1620357553
270,Derazhnya,49.2692,27.4338,42.08,85,99,7.52,UA,1620357554
271,Bulawayo,-20.15,28.5833,53.1,66,5,8.79,ZW,1620357554
272,Barberton,-25.7884,31.0532,64.0,100,90,4.61,ZA,1620357554
273,Keshod,21.3,70.25,86.05,53,0,8.93,IN,1620357555
274,Cayenne,4.9333,-52.3333,75.99,100,20,2.3,GF,1620357448
275,Moa,20.6569,-74.9403,75.72,82,3,10.63,CU,1620357555
276,High Level,58.5169,-117.136,60.8,29,75,11.5,CA,1620357555
277,Mujiayingzi,42.1167,118.7833,60.3,22,22,25.43,CN,1620357556
278,Savalou,7.9281,1.9756,74.61,87,100,3.15,BJ,1620357556
279,Sovetskiy,61.3614,63.5842,40.64,51,3,14.29,RU,1620357556
280,Sisimiut,66.9395,-53.6735,30.18,83,8,6.11,GL,1620357557
281,Celestún,20.8667,-90.4,80.29,75,51,13.24,MX,1620357557
282,Kampong Thom,12.7111,104.8887,87.42,57,100,4.94,KH,1620357558
283,Marawi,7.9986,124.2928,93.0,58,100,6.98,PH,1620357401
284,Korla,41.7597,86.1469,77.36,11,75,1.23,CN,1620357490
285,Tierra Nueva,21.6833,-100.5667,61.88,81,4,12.06,MX,1620357558
286,Limbang,4.75,115.0,82.4,83,75,9.22,MY,1620357558
287,Bagdarin,54.4333,113.6,46.22,36,98,10.98,RU,1620357559
288,Nanortalik,60.1432,-45.2371,35.64,79,93,4.94,GL,1620357381
289,Mahanje,-9.9333,35.3333,59.32,96,99,1.54,TZ,1620357559
290,Brae,60.3964,-1.353,39.2,81,40,8.05,GB,1620357425
291,Peniche,39.3558,-9.3811,57.99,92,4,1.99,PT,1620357559
292,Tautira,-17.7333,-149.15,86.0,70,20,6.91,PF,1620357390
293,Katherine,-14.4667,132.2667,87.8,27,0,8.05,AU,1620357560
294,Bolobo,-2.1667,16.2333,70.45,93,100,2.62,CD,1620357560
295,Jianhu,29.9799,120.5712,82.4,57,0,8.95,CN,1620357560
296,Pyapon,16.2833,95.6833,91.99,47,100,6.15,MM,1620357426
297,Namatanai,-3.6667,152.4333,83.39,77,42,6.17,PG,1620357420
298,Mount Gambier,-37.8333,140.7667,68.0,64,40,9.22,AU,1620357440
299,Bilibino,68.0546,166.4372,32.52,87,100,2.19,RU,1620357561
300,Codrington,-38.2667,141.9667,68.43,42,100,10.36,AU,1620357462
301,Nouadhibou,20.931,-17.0347,64.4,88,0,16.11,MR,1620357405
302,Pinheiro,-2.5214,-45.0825,72.5,97,99,1.81,BR,1620357562
303,Mortka,59.3322,66.0214,43.77,52,2,13.82,RU,1620357562
304,Sortavala,61.7053,30.6918,32.97,92,94,8.81,RU,1620357562
305,Yangi Marg`ilon,40.4272,71.7189,69.8,60,40,4.52,UZ,1620357396
306,Ampanihy,-24.7,44.75,61.41,97,19,5.57,MG,1620357563
307,Corowa,-36.0333,146.3833,75.0,53,43,6.62,AU,1620357563
308,Sylvan Lake,52.3168,-114.0853,59.0,29,90,16.11,CA,1620357563
309,Itarema,-2.9248,-39.9167,75.97,87,77,4.7,BR,1620357564
310,Margate,51.3813,1.3862,43.0,73,19,4.0,GB,1620357370
311,Bhabhua,25.05,83.6167,95.45,27,23,4.0,IN,1620357564
312,Manado,1.487,124.8455,86.0,70,40,4.61,ID,1620357480
313,Walvis Bay,-22.9575,14.5053,59.0,88,0,4.61,NA,1620357564
314,Vardø,70.3705,31.1107,32.0,74,75,18.41,NO,1620357565
315,Manicoré,-5.8092,-61.3003,77.0,94,0,2.3,BR,1620357565
316,Tādepallegūdem,16.8333,81.5,89.6,66,40,8.05,IN,1620357565
317,Macamic,48.7502,-78.9996,37.4,81,40,2.3,CA,1620357566
318,Tawala,9.5542,123.7696,89.6,66,75,11.5,PH,1620357566
319,Mulegé,26.8833,-111.9833,73.04,54,0,1.07,MX,1620357566
320,Dmitriyevka,54.75,55.3333,46.4,76,0,6.71,RU,1620357566
321,Klaksvík,62.2266,-6.589,35.6,87,40,4.61,FO,1620357482
322,Chokurdakh,70.6333,147.9167,27.09,84,63,4.7,RU,1620357391
323,Aklavik,68.2191,-135.0107,37.4,64,100,12.66,CA,1620357371
324,Birao,10.2849,22.7882,74.97,70,100,2.55,CF,1620357567
325,Kutum,14.2,24.6667,71.78,58,9,4.25,SD,1620357567
326,Jönköping,57.7814,14.1562,30.2,100,90,3.49,SE,1620357568
327,Puerto Escondido,15.85,-97.0667,77.0,83,40,4.61,MX,1620357568
328,Santa Rosa,14.3122,121.1114,89.6,66,75,8.05,PH,1620357523
329,Gao,16.6362,1.637,86.0,16,32,3.78,ML,1620357568
330,Ayagoz,47.9714,80.4392,68.41,39,100,4.94,KZ,1620357569
331,Nouakchott,18.0858,-15.9785,69.8,83,4,13.8,MR,1620357569
332,Baiyin,36.5583,104.2081,62.6,15,2,6.71,CN,1620357569
333,San Vicente,-26.6167,-54.1333,42.49,98,13,2.86,AR,1620357570
334,Touros,-5.1989,-35.4608,77.0,94,75,2.3,BR,1620357402
335,Safaga,26.7292,33.9365,82.4,18,0,4.61,EG,1620357570
336,Fortuna,40.5982,-124.1573,55.0,87,90,10.36,US,1620357426
337,Vakhrushev,48.9833,142.9667,46.78,76,67,10.67,RU,1620357571
338,Srikakulam,18.3,83.9,88.41,61,8,6.55,IN,1620357571
339,Port-Cartier,50.0334,-66.8654,33.8,100,90,3.44,CA,1620357571
340,Lithakia,37.7167,20.8333,66.0,94,0,7.67,GR,1620357318
341,Rocha,-34.4833,-54.3333,55.08,79,100,8.08,UY,1620357572
342,Kursk,51.7303,36.1939,42.8,93,75,6.71,RU,1620357572
343,São Filipe,14.8961,-24.4956,71.83,80,49,3.69,CV,1620357407
344,Dunedin,-45.8742,170.5036,59.0,71,70,8.99,NZ,1620357478
345,Gizo Government Station,-8.103,156.8419,84.72,74,49,6.51,SB,1620357572
346,Luganville,-15.5333,167.1667,83.05,79,85,12.33,VU,1620357573
347,Beckley,37.7782,-81.1882,46.4,66,75,1.36,US,1620357388
348,Norsup,-16.0667,167.3833,84.54,70,98,11.14,VU,1620357573
349,San Andrés,12.5847,-81.7006,82.4,78,75,9.22,CO,1620357574
350,Campo do Brito,-10.7333,-37.4933,75.2,88,40,2.3,BR,1620357574
351,Te Anau,-45.4167,167.7167,56.98,63,72,0.92,NZ,1620357416
352,Souillac,-20.5167,57.5167,69.8,100,75,3.44,MU,1620357376
353,Mocuba,-16.8392,36.9856,59.07,91,38,4.03,MZ,1620357575
354,Kabanjahe,3.1001,98.4908,84.2,74,20,8.05,ID,1620357575
355,Tchibanga,-2.85,11.0333,68.76,97,85,1.41,GA,1620357575
356,Casas Grandes,30.3667,-107.95,71.01,44,34,10.0,MX,1620357576
357,Fort Nelson,58.8053,-122.7002,64.4,27,75,16.11,CA,1620357304
358,Annau,37.8876,58.516,64.4,63,90,11.5,TM,1620357576
359,Vestmannaeyjar,63.4427,-20.2734,37.62,70,54,8.79,IS,1620357435
360,Bulalacao,12.3254,121.3435,86.49,64,47,20.4,PH,1620357576
361,Prieska,-29.6641,22.7474,57.45,75,100,6.11,ZA,1620357577
362,Upata,8.0086,-62.3989,75.99,93,100,3.0,VE,1620357578
363,Château-Thierry,49.05,3.4,39.0,94,18,3.0,FR,1620357578
364,College,64.8569,-147.8028,54.0,47,75,13.8,US,1620357404
365,Sioux Lookout,50.1001,-91.917,37.4,70,75,9.22,CA,1620357579
366,Labuhan,-6.8844,112.2051,83.46,72,100,3.36,ID,1620357461
367,Half Moon Bay,37.4636,-122.4286,57.2,100,90,6.91,US,1620357406
368,Homer,59.6425,-151.5483,46.4,71,75,8.05,US,1620357579
369,Zaysan,47.4667,84.8667,81.9,19,20,9.73,KZ,1620357580
370,Gaoual,11.75,-13.2,80.87,46,100,6.91,GN,1620357580
371,Guerrero Negro,27.9769,-114.0611,62.13,86,0,14.9,MX,1620357479
372,Ulladulla,-35.35,150.4667,66.2,100,75,8.05,AU,1620357413
373,Fukuechō,32.6881,128.8419,66.2,68,75,9.22,JP,1620357387
374,Elizabeth City,36.2946,-76.2511,55.4,71,1,6.91,US,1620357580
375,Bilma,18.6853,12.9164,86.41,10,89,5.86,NE,1620357581
376,Sánchez,19.2281,-69.6137,74.1,83,1,6.15,DO,1620357581
377,Kovdor,67.5662,30.4758,26.38,85,100,10.76,RU,1620357581
378,Dedza,-14.3779,34.3332,45.57,76,88,3.33,MW,1620357582
379,Turukhansk,65.8167,87.9833,35.4,97,100,16.35,RU,1620357582
380,Rūdbār,30.15,62.6,78.66,30,0,1.9,AF,1620357582
381,New Amsterdam,6.25,-57.5167,74.57,95,77,3.42,GY,1620357583
382,Collie,-33.3667,116.15,60.01,90,56,6.38,AU,1620357583
383,Shache,38.4167,77.2406,73.36,12,100,3.11,CN,1620357583
384,Burē,10.7,37.0667,58.62,89,100,4.43,ET,1620357584
385,Hriňová,48.5779,19.5257,41.86,96,100,1.12,SK,1620357584
386,Buchanan,5.8808,-10.0467,78.94,83,100,5.41,LR,1620357439
387,Laas,46.6166,10.7002,45.0,100,90,4.61,IT,1620357584
388,Los Llanos de Aridane,28.6585,-17.9182,68.0,64,90,8.05,ES,1620357585
389,Salinópolis,-0.6136,-47.3561,77.99,84,20,5.79,BR,1620357585
390,Alcázar de San Juan,39.3901,-3.2083,53.01,67,31,3.94,ES,1620357585
391,Liuzhou,24.3126,109.3892,82.69,74,82,8.46,CN,1620357586
392,Cockburn Town,21.4612,-71.1419,78.76,74,0,20.02,TC,1620357586
393,Barbastro,42.0356,0.1269,57.99,72,0,9.22,ES,1620357586
394,Lata,40.1629,-8.3327,57.99,96,63,2.24,PT,1620357443
395,Road Town,18.4167,-64.6167,78.01,83,1,5.01,VG,1620357362
396,Anadyr,64.75,177.4833,24.8,80,0,6.71,RU,1620357587
397,Agnibilékrou,7.1344,-3.2047,72.18,96,100,2.98,CI,1620357587
398,Mildura,-34.2,142.15,70.0,30,75,4.61,AU,1620357307
399,Santa Cruz de Tenerife,28.4682,-16.2546,66.0,88,90,12.66,ES,1620357587
400,Sibolga,1.7427,98.7792,85.06,65,100,2.21,ID,1620357588
401,Kargasok,59.0556,80.8572,51.26,58,7,12.97,RU,1620357588
402,Kottūru,14.8167,76.2167,83.93,54,25,2.89,IN,1620357588
403,Province of Mantua,45.1667,10.7833,52.0,86,100,5.01,IT,1620357490
404,Nuuk,64.1835,-51.7216,28.4,93,90,10.36,GL,1620357589
405,Moose Factory,51.2585,-80.6094,35.6,93,75,4.61,CA,1620357589
406,Derbent,42.0678,48.2899,52.29,73,33,7.0,RU,1620357589
407,Parit Buntar,5.1267,100.4932,87.8,70,20,4.61,MY,1620357590
408,Salalah,17.0151,54.0924,84.2,79,40,6.24,OM,1620357369
409,Bathsheba,13.2167,-59.5167,78.8,61,20,19.57,BB,1620357431
410,San Julián,21.0167,-102.1667,67.39,41,47,14.38,MX,1620357450
411,Santa Vitória do Palmar,-33.5189,-53.3681,53.01,76,75,9.24,BR,1620357590
412,Ponta Delgada,37.7333,-25.6667,62.6,100,75,6.91,PT,1620357431
413,Coquimbo,-29.9533,-71.3436,59.0,88,90,4.61,CL,1620357591
414,Brisas Barra de Suchiate,14.55,-92.2167,73.4,100,90,3.44,MX,1620357591
415,Savonlinna,61.8699,28.88,32.0,93,90,6.91,FI,1620357591
416,Nago,26.5881,127.9761,82.4,78,90,19.57,JP,1620357592
417,Naze,28.3667,129.4833,75.2,94,75,17.27,JP,1620357592
418,Bakchar,57.0186,82.0711,54.03,54,61,9.73,RU,1620357592
419,Carballo,43.213,-8.691,57.99,86,100,1.01,ES,1620357455
420,Saint Anthony,45.0205,-93.218,55.4,35,90,11.5,US,1620357456
421,Pangody,65.85,74.4859,31.55,99,99,14.2,RU,1620357469
422,Caucaia,-3.7361,-38.6531,82.0,94,75,4.61,BR,1620357593
423,Celldömölk,47.2571,17.1503,48.2,87,75,4.61,HU,1620357593
424,Chetwayi,10.5333,76.05,82.4,83,40,2.3,IN,1620357593
425,Pimentel,-6.8367,-79.9342,66.0,82,87,5.99,PE,1620357427
426,Gaoua,10.2992,-3.2508,79.29,65,97,6.49,BF,1620357594
427,Klyuchi,52.2667,79.1667,61.36,41,100,12.75,RU,1620357594
428,Minas de Barroterán,27.6333,-101.2833,80.42,36,10,10.54,MX,1620357594
429,The Valley,18.217,-63.0578,78.8,69,20,13.8,AI,1620357477
430,Staryy Nadym,65.6118,72.6842,32.16,98,100,12.5,RU,1620357595
431,Bauchi,10.5,10.0,79.18,54,100,5.32,NG,1620357595
432,Mahibadhoo,3.7833,72.9667,84.2,70,100,5.75,MV,1620357595
433,Gorontalo,0.5412,123.0595,85.39,75,94,2.19,ID,1620357438
434,Alcântara,-2.4089,-44.4147,78.8,94,40,4.61,BR,1620357596
435,Kavaratti,10.5669,72.642,85.53,68,100,3.8,IN,1620357487
436,Rancho Palos Verdes,33.7445,-118.387,59.0,88,40,6.91,US,1620357596
437,Kayes,14.0,-11.0,92.95,26,100,0.69,ML,1620357597
438,Madang,-5.2246,145.7966,86.41,63,83,6.11,PG,1620357597
439,Villa Unión,23.2,-106.2333,78.01,57,1,3.44,MX,1620357597
440,Grand Gaube,-20.0064,57.6608,73.0,92,3,1.01,MU,1620357598
441,Bandarbeyla,9.4942,50.8122,83.34,71,100,2.75,SO,1620357394
442,Kamaishi,39.2667,141.8833,69.8,37,90,14.97,JP,1620357473
443,Seoul,37.5683,126.9778,62.6,48,40,12.66,KR,1620357592
444,Krasnorechenskiy,44.6265,135.3532,67.35,30,100,12.24,RU,1620357598
445,Palmares do Sul,-30.2578,-50.5097,57.11,71,66,8.14,BR,1620357599
446,Oroville,39.5138,-121.5564,78.8,24,1,8.05,US,1620357305
447,Burns Lake,54.2331,-125.7533,46.4,87,100,6.91,CA,1620357599
448,Semenivka,52.1783,32.5818,39.65,79,11,6.13,UA,1620357599
449,Kolondiéba,11.0882,-6.8926,81.48,46,66,5.5,ML,1620357600
450,Flin Flon,54.7682,-101.865,35.06,72,60,8.16,CA,1620357304
451,Mayumba,-3.432,10.6554,75.67,88,87,5.57,GA,1620357600
452,Abonnema,4.7084,6.7931,76.39,86,100,1.59,NG,1620357600
453,Clyde River,70.4692,-68.5914,21.2,93,40,2.3,CA,1620357396
454,Uruçuí,-7.2294,-44.5561,75.97,81,97,2.06,BR,1620357601
455,Tamandaré,-8.7597,-35.1047,75.69,85,42,0.67,BR,1620357601
456,Kruisfontein,-34.0033,24.7314,61.0,96,4,3.74,ZA,1620357417
457,Lakes Entrance,-37.8811,147.981,71.01,72,20,1.01,AU,1620357603
458,Ducheng,23.2373,111.5317,85.06,69,100,2.37,CN,1620357603
459,Baykit,61.67,96.37,41.5,65,99,12.06,RU,1620357604
460,Wingham,43.8879,-81.3114,41.0,81,100,2.3,CA,1620357604
461,Ganzhou,28.8184,115.4327,76.5,74,90,3.56,CN,1620357458
462,Zeya,53.75,127.2667,43.02,70,100,2.84,RU,1620357441
463,Chennai,13.0878,80.2785,89.6,62,40,6.91,IN,1620357605
464,Nuevo Progreso,23.1667,-97.95,77.0,68,33,3.0,MX,1620357605
465,Makkah al Mukarramah,21.4267,39.8261,83.86,40,3,0.38,SA,1620357358
466,Beacon,41.5048,-73.9696,51.8,43,75,6.91,US,1620357606
467,Borogontsy,62.6683,131.1683,48.52,46,100,4.9,RU,1620357606
468,Fox Lake,42.3967,-88.1837,46.99,71,53,1.01,US,1620357606
469,Kamenka,51.3223,42.7678,53.2,65,100,12.66,RU,1620357607
470,Lamu,-2.2717,40.902,78.71,85,100,17.02,KE,1620357607
471,Abnūb,27.2696,31.1511,78.8,36,0,6.91,EG,1620357607
472,Lázaro Cárdenas,17.9583,-102.2,77.45,76,6,3.96,MX,1620357415
473,Palmer,42.1584,-72.3287,48.2,76,75,3.62,US,1620357608
474,Ust'-Kut,56.7938,105.7672,40.66,71,83,7.7,RU,1620357608
475,São José da Coroa Grande,-8.8978,-35.1478,76.03,84,58,0.89,BR,1620357608
476,Durant,33.994,-96.3708,66.99,63,1,5.75,US,1620357608
477,Sakakah,29.9697,40.2064,73.4,23,0,8.05,SA,1620357609
478,Ust-Maya,60.4167,134.5333,47.77,56,100,4.25,RU,1620357609
479,Yarmouth,41.7057,-70.2286,50.0,81,1,6.53,US,1620357336
480,Whitefish,48.4111,-114.3376,64.4,36,1,3.44,US,1620357610
481,Joshīmath,30.5667,79.5667,65.35,62,100,3.2,IN,1620357457
482,Belmonte,-15.8631,-38.8828,75.2,88,20,2.3,BR,1620357610
483,Biak,-0.9131,122.8766,81.54,77,100,2.68,ID,1620357610
484,Lewiston,44.1003,-70.2148,44.01,75,1,3.83,US,1620357611
485,Alghero,40.5589,8.3181,48.2,93,0,3.44,IT,1620357546
486,San Patricio,28.017,-97.5169,73.99,78,1,5.75,US,1620357406
487,Conde,-7.2597,-34.9075,73.4,100,0,3.44,BR,1620357611
488,Jati,24.3539,68.2671,86.45,57,7,12.55,PK,1620357611
489,Bambanglipuro,-7.95,110.2833,85.57,68,94,8.37,ID,1620357612
490,Devils Lake,48.1128,-98.8651,45.0,39,1,12.66,US,1620357393
491,Isangel,-19.55,169.2667,86.0,70,75,8.05,VU,1620357384
492,Sīra,13.7453,76.9092,84.79,49,10,5.28,IN,1620357612
493,Lavrentiya,65.5833,-171.0,30.58,85,14,3.83,RU,1620357471
494,Nakhon Phanom,17.3333,104.4167,87.8,62,40,4.61,TH,1620357612
495,La Paz,-16.5,-68.15,37.4,93,75,2.3,BO,1620357613
496,Bakau,13.4781,-16.6819,68.0,88,0,14.32,GM,1620357613
497,Changping,40.2186,116.2197,73.4,18,0,22.37,CN,1620357614
498,Port Lincoln,-34.7333,135.8667,70.75,54,86,6.4,AU,1620357443
499,Leeton,-34.5667,146.4,78.8,38,67,6.91,AU,1620357614
500,Waingapu,-9.6567,120.2641,85.17,58,40,10.11,ID,1620357614
501,Luanda,-8.8368,13.2343,77.0,88,40,2.3,AO,1620357315
502,Narodychi,51.2029,29.0823,39.9,79,71,6.6,UA,1620357615
503,Shar,49.5886,81.0453,67.98,44,100,16.53,KZ,1620357615
504,Kemijärvi,66.7131,27.4306,28.24,90,100,9.28,FI,1620357615
505,Iralaya,15.0,-83.2333,80.37,75,82,9.46,HN,1620357615
506,Gamba,-2.65,10.0,74.35,88,78,4.61,GA,1620357616
507,Nuristan,35.3,70.8333,38.57,61,27,1.74,AF,1620357616
508,Narutochō-mitsuishi,34.1833,134.6167,66.2,77,90,3.44,JP,1620357616
509,Nushki,29.5542,66.0215,75.51,28,0,3.09,PK,1620357617
510,Shirokiy,49.758,129.523,54.55,46,100,6.67,RU,1620357617
511,Shimoda,34.6667,138.95,66.99,82,75,10.36,JP,1620357618
512,Kirakira,-10.4544,161.9205,85.42,73,100,13.11,SB,1620357618
513,Chapais,49.7834,-74.8492,32.0,80,75,3.22,CA,1620357464
514,Kinshasa,-4.3246,15.3215,75.2,94,100,3.44,CD,1620357534
515,Kalabo,-14.97,22.6814,68.45,51,100,5.3,ZM,1620357618
516,Baker City,44.7749,-117.8344,60.8,41,40,20.71,US,1620357619
517,Kargil,34.5667,76.1,42.04,50,100,3.33,IN,1620357554
518,George Town,5.4112,100.3354,87.8,74,20,4.61,MY,1620357619
519,Asău,46.4333,26.4,46.99,52,97,3.22,RO,1620357620
520,Santander,43.4647,-3.8044,59.0,88,90,4.72,ES,1620357448
521,Srandakan,-7.9386,110.2506,85.68,68,94,8.34,ID,1620357620
522,Maple Creek,49.9168,-109.4848,55.4,38,100,11.5,CA,1620357620
523,Tāoru,28.2167,76.95,90.0,50,20,5.75,IN,1620357621
524,Port Hardy,50.6996,-127.4199,46.4,87,75,13.8,CA,1620357307
525,Kitgum,3.2783,32.8867,64.78,97,100,0.85,UG,1620357621
526,San Cristobal,7.7669,-72.225,73.4,100,75,9.22,VE,1620357442
527,Xixiang,35.1628,112.865,76.64,12,4,12.39,CN,1620357621
528,Torquay,50.4638,-3.5143,37.99,1,0,1.99,GB,1620357622
529,Muros,42.7762,-9.0603,59.0,88,81,5.01,ES,1620357392
530,Jaru,-10.4389,-62.4664,69.62,94,46,7.7,BR,1620357622
531,Honiara,-9.4333,159.95,87.4,67,58,9.82,SB,1620357456
532,Buzdyak,54.5833,54.55,54.73,66,52,5.53,RU,1620357623
533,Broome,42.2506,-75.833,42.8,49,1,3.44,US,1620357403
534,Bubaque,11.2833,-15.8333,76.95,71,74,13.11,GW,1620357402
535,Cody,44.5263,-109.0565,64.99,31,20,6.2,US,1620357347
536,Siavonga,-16.5382,28.7088,62.58,67,7,5.97,ZM,1620357623
537,Talcahuano,-36.7167,-73.1167,51.8,100,58,6.91,CL,1620357624
538,Kpandae,8.4689,-0.0113,76.1,81,100,8.5,GH,1620357488
539,Barra de Tecoanapa,16.5167,-98.75,81.75,71,100,1.41,MX,1620357624
540,Mountain Home,43.133,-115.6912,77.0,16,75,6.91,US,1620357624
541,Chicama,-7.8447,-79.1469,66.2,82,40,8.05,PE,1620357625
542,Narón,43.5167,-8.1528,57.2,88,40,6.91,ES,1620357625
543,Kingaroy,-26.5333,151.8333,75.99,53,75,9.22,AU,1620357625
544,Mumford,5.2618,-0.759,78.35,87,100,9.22,GH,1620357625
545,Nhulunbuy,-12.2333,136.7667,87.8,45,0,13.8,AU,1620357626
546,Fernandópolis,-20.2839,-50.2464,65.3,76,2,12.06,BR,1620357626
547,Sur,22.5667,59.5289,86.5,53,48,10.4,OM,1620357395
548,Krasnosel'kup,65.7,82.4667,33.69,100,70,9.24,RU,1620357416
549,Yefremov,53.1481,38.0992,45.01,92,100,5.46,RU,1620357627
550,Muli,2.9167,73.5667,84.54,71,98,7.31,MV,1620357627
551,Chase,50.8165,-119.6857,62.6,55,92,2.3,CA,1620357627
552,Mareeba,-17.0,145.4333,84.99,54,40,10.36,AU,1620357446
553,Tsimmerbude,54.675,20.1347,39.2,87,0,6.71,RU,1620357628
554,Huarmey,-10.0681,-78.1522,67.12,83,94,6.15,PE,1620357425
555,Arlit,18.7369,7.3853,85.66,7,12,6.69,NE,1620357628
556,Pochutla,15.7432,-96.4661,78.01,84,97,4.0,MX,1620357462
557,Anchorage,61.2181,-149.9003,48.99,46,90,10.36,US,1620357534
558,Nantucket,41.2835,-70.0995,48.0,87,1,7.63,US,1620357452
559,Soledar,48.6794,38.089,51.57,91,100,6.04,UA,1620357629
560,Vanimo,-2.6741,141.3028,84.52,72,72,7.38,PG,1620357629
561,Sri Aman,1.2376,111.4621,80.6,83,40,2.3,MY,1620357629
562,Lubao,14.9167,120.55,93.2,52,75,4.61,PH,1620357630
563,Lodja,-3.4833,23.4333,69.06,99,100,0.56,CD,1620357630
564,Ukiah,39.1502,-123.2078,57.2,62,1,12.66,US,1620357630
565,Plastun,44.7561,136.2939,61.68,49,95,11.99,RU,1620357630
566,Marzuq,14.4,46.4667,72.16,67,67,5.99,YE,1620357631
